{
    "typeName": "OC::ORG::RegionDefaults",
    "description": "CloudFormation Resource Provider for AWS account defaults.",
    "sourceUrl": "https://github.com/aws-cloudformation/aws-cloudformation-rpdk.git",
    "definitions": {

    },
    "properties": {
        "AccountId": {
            "type":"string"
        },
        "EnableEbsEncryptionByDefault": {
            "type":"boolean"
        },
        "DefaultEbsEncryptionKeyId": {
            "type":"string"
        }
    },
    "additionalProperties": false,
    "required": [
    ],
    "readOnlyProperties": [
        "/properties/AccountId"
    ],
    "primaryIdentifier": [
        "/properties/AccountId"
    ],
    "handlers": {
        "create": {
            "permissions": [
                "ec2:EnableEbsEncryptionByDefault",
                "ec2:DisableEbsEncryptionByDefault",
                "ec2:ModifyEbsDefaultKmsKeyId"
            ]
        },
        "read": {
            "permissions": [
            ]
        },
        "update": {
            "permissions": [
                "ec2:EnableEbsEncryptionByDefault",
                "ec2:DisableEbsEncryptionByDefault",
                "ec2:ModifyEbsDefaultKmsKeyId",
                "ec2:ResetEbsDefaultKmsKeyId"
            ]
        },
        "delete": {
            "permissions": [
                "ec2:DisableEbsEncryptionByDefault",
                "ec2:ResetEbsDefaultKmsKeyId"
            ]
        },
        "list": {
            "permissions": [
            ]
        }
    }
}
