{
    "typeName": "Community::CloudFormation::Delay",
    "description": "Resource schema for Community::CloudFormation::Delay.",
    "sourceUrl": "https://github.com/org-formation/aws-resource-providers.git",
    "definitions": {},
    "properties": {
        "ResourceId": {
            "description": "AWS CloudFormation generates a unique identifier for the delay resource.",
            "type": "string",
            "pattern": "^[a-fA-F0-9]{8}-[a-fA-F0-9]{4}-[a-fA-F0-9]{4}-[a-fA-F0-9]{4}-[a-fA-F0-9]{12}$"
        },
        "Duration": {
            "description": "The length of time that AWS CloudFormation should wait. The maximum time that you can specify is 12 hours. The value must be in ISO8601 duration format, in the form: \"PT#H#M#S\", where each # is the number of hours, minutes, and seconds, respectively.",
            "type": "string",
            "default": "PT1M",
            "minLength": 4,
            "maxLength": 15,
            "pattern": "^PT(?=[0-9])([0-1]?[0-9]H)?([0-9]{1,3}M)?([0-9]{1,5}S)?$"
        }
    },
    "additionalProperties": false,
    "required": [],
    "createOnlyProperties": [
        "/properties/ResourceId"
    ],
    "readOnlyProperties": [
        "/properties/ResourceId"
    ],
    "primaryIdentifier": [
        "/properties/ResourceId"
    ],
    "handlers": {
        "create": {
            "permissions": [],
            "timeoutInMinutes": 720
        },
        "read": {
            "permissions": []
        },
        "update": {
            "permissions": [],
            "timeoutInMinutes": 720
        },
        "delete": {
            "permissions": [],
            "timeoutInMinutes": 720
        },
        "list": {
            "permissions": []
        }
    }
}
